barcode	0-0.1	0.1-0.2	0.2-0.3	0.3-0.4	0.4-0.5	0.5-0.6	0.6-0.7	0.7-0.8	0.8-0.9	0.9-1
1I+45+C_15D+66_NONE_9D+123_NONE_NONE_NONE_NONE_NONE_NONE	4	4	13	5	4	18	8	3	2	0
84D+45_84D+45_84D+45_84D+45_NONE_NONE_NONE_NONE_NONE_NONE	68	46	102	72	54	68	50	31	16	0
3I+45+ATC_1D+73_30D+76_28D+114_3D+150&1I+155+A_20D+157_23D+206_66D+233_66D+233_66D+233	0	1	8	2	3	7	21	13	10	0
1I+45+C_NONE_NONE_1D+126_NONE_NONE_NONE_NONE_NONE_NONE	8	8	25	23	12	10	5	5	2	0
1I+45+C_26D+73_26D+73_NONE_NONE_NONE_NONE_NONE_NONE_NONE	3	5	19	10	2	12	3	4	4	0
3I+45+ATC_1D+73_5D+93&2I+101+AA_11I+125+TGTTTTTCTTT_1D+151_3I+180+TTC_10I+204+TTTTTAGATG&13D+210_6D+232_1D+259&1D+262_22D+268	39	27	74	36	10	3	1	0	1	0
3I+45+ATC_1D+73_30D+76_28D+114_3D+150&1I+155+A_20D+157_41D+206_41D+206_44D+257_44D+257	4	3	15	15	14	26	40	32	31	0
5D+42_16D+68_9D+91_NONE_13D+152_1D+179_3I+204+CAG_5I+231+GATTA&6I+236+TGATTA_1I+261+A_NONE	3	3	7	4	4	8	30	28	20	0
46D+38_46D+38_7D+90_36D+105_2I+155+GA_1D+182_10I+204+CTAACGCACC&13D+208_5D+227&1I+235+A_3D+263_1D+287&5D+290	0	2	5	3	2	1	10	10	2	0
84D+42_84D+42_84D+42_84D+42_NONE_NONE_NONE_NONE_NONE_NONE	21	25	34	16	17	29	18	15	8	0
3I+45+ATC_1D+73_30D+76_28D+114_3D+150&1I+155+A_20D+157_41D+206_41D+206_46D+255_46D+255	2	0	4	3	3	18	7	8	7	0
3I+45+ATC_1D+73_30D+76_28D+114_3D+150&1I+155+A_20D+157_23D+206_66D+234_66D+234_66D+234	1	3	10	4	6	8	10	20	5	0
30D+43_30D+43_NONE_9D+123_NONE_NONE_NONE_NONE_NONE_NONE	0	0	0	0	3	0	0	0	0	0
3D+43_NONE_7I+99+GAGTACT_9D+123_NONE_NONE_NONE_NONE_NONE_NONE	0	0	0	0	1	0	0	0	0	0
